ID,Name,Age,Email,Password
1,John Doe,30,john.doe@example.com,password123
2,Jane Doe,28,jane.doe@example.com,password456
3,Michael Smith,45,michael.smith@example.com,password789
4,Sarah Jones,35,sarah.jones@example.com,password101
5,David Brown,22,david.brown@example.com,password112
6,Emily Green,50,emily.green@example.com,password131
7,Thomas White,38,thomas.white@example.com,password142
8,Jessica Black,29,jessica.black@example.com,password153
9,Kevin Gray,42,kevin.gray@example.com,password164
10,Ashley Blue,33,ashley.blue@example.com,password175
